סמל היישוב,שם היישוב,המעמד המוניציפלי או שם המועצה האזורית,2015,2016,2017,2018,2019,2020,2021,2022,2023,2024 ינואר עד מרץ
967,אבו ג'ווייעד (שבט),חסר מעמד,1,0,1,0,0,0,0,0,0,0
472,אבו גוש,מועצה מקומית,21,11,26,17,17,15,45,58,137,0
473,אבו סנאן,מועצה מקומית,84,58,35,33,47,41,62,73,65,19
1342,אבו קורינאת (יישוב),נווה מדבר,1,0,1,0,0,10,10,14,16,5
652,אבטין,זבולון,9,8,4,11,9,0,3,7,7,0
1275,אבטליון,משגב,3,7,6,3,1,4,1,1,2,0
679,אביאל,אלונה,0,0,0,0,0,0,0,1,2,0
1115,אביבים,מרום הגליל,0,0,1,0,4,1,1,0,1,0
819,אביגדור,באר טוביה,9,7,0,1,1,1,0,0,1,0
175,אביחיל,עמק חפר,6,4,2,3,1,1,1,0,3,1
2052,אביטל,הגלבוע,1,1,0,1,0,0,1,0,7,1
1070,אביעזר,מטה יהודה,7,2,4,3,4,2,1,1,5,0
1220,אבירים,מעלה יוסף,0,0,1,9,7,10,5,3,4,0
182,אבן יהודה,מועצה מקומית,48,53,83,28,20,50,79,124,419,106
1081,אבן מנחם,מעלה יוסף,1,3,1,1,2,4,2,0,1,0
783,אבן ספיר,מטה יהודה,1,1,0,0,2,2,2,9,11,4
400,אבן שמואל,שפיר,32,27,14,9,8,5,4,0,0,0
4011,אבני איתן,גולן,5,3,5,3,3,9,14,0,5,1
1311,אבשלום,אשכול,3,1,0,13,11,8,12,5,15,0
1068,אדמית,מטה אשר,4,1,0,2,2,1,0,0,2,0
1123,אדרת,מטה יהודה,5,5,3,2,3,0,3,7,11,1
446,אודים,חוף השרון,4,4,3,2,0,0,3,2,0,1
4010,אודם,גולן,3,2,5,2,4,0,5,7,2,1
1046,אוהד,אשכול,0,0,1,2,2,0,2,0,1,0
2710,אום אל-פחם,עירייה,82,115,7,135,78,46,134,82,96,27
2024,אום אל-קוטוף,מנשה,0,2,6,4,2,2,4,16,8,5
1358,אום בטין,אל קסום,0,1,1,0,0,0,1,1,2,0
1108,אומן,הגלבוע,13,12,5,22,28,20,25,13,9,6
680,אומץ,עמק חפר,7,6,1,2,0,1,0,0,0,0
31,אופקים,עירייה,180,514,244,205,318,261,644,581,685,261
1294,אור הגנוז,מרום הגליל,6,4,3,3,0,1,2,3,4,1
67,אור הנר,שער הנגב,1,1,0,1,8,0,21,3,0,0
2400,אור יהודה,עירייה,15,3,6,557,"1,254",588,921,"1,150",296,1
1020,אור עקיבא,עירייה,593,276,194,4,821,389,"1,561",15,387,197
780,אורה,מטה יהודה,7,2,2,2,1,3,0,0,2,0
2012,אורות,באר טוביה,2,2,0,0,0,0,1,1,0,0
4013,אורטל,גולן,4,0,1,4,4,3,3,10,2,0
403,אורים,אשכול,0,0,0,0,0,0,0,12,11,0
278,אושה,זבולון,10,11,0,1,6,2,27,2,5,1
565,אזור,מועצה מקומית,185,27,202,10,15,292,11,16,7,30
1157,אחווה,באר טוביה,0,0,0,0,0,0,0,0,0,0
821,אחוזם,לכיש,4,3,2,1,2,1,3,7,1,0
1330,אחוזת ברק,עמק יזרעאל,17,17,35,1,0,2,0,1,3,0
785,אחיהוד,מטה אשר,0,1,1,1,0,0,1,1,3,0
850,אחיטוב,עמק חפר,3,0,2,2,3,4,0,0,2,0
804,אחיסמך,חבל מודיעין,1,1,1,2,0,0,0,1,0,0
797,אחיעזר,שדות דן,5,1,1,0,0,0,1,2,1,0
716,אייל,דרום השרון,0,15,0,18,0,22,0,0,0,0
77,איילת השחר,הגליל העליון,1,11,10,6,4,7,13,8,13,1
294,אילון,מטה אשר,9,4,8,3,3,1,5,2,3,0
1126,אילות,חבל אילות,4,1,1,0,0,0,0,0,0,0
49,אילנייה,הגליל התחתון,0,0,0,0,0,0,0,0,0,0
2600,אילת,עירייה,27,56,40,134,144,326,802,224,582,260
1336,אירוס,גן רווה,12,31,16,19,9,13,14,18,21,4
37,איתן,שפיר,0,1,0,0,2,5,22,23,6,0
478,אכסאל,מועצה מקומית,100,82,46,44,65,46,55,72,71,20
1359,אל סייד,אל קסום,2,1,2,0,0,1,16,12,26,11
1339,אל -עזי,יואב,0,0,0,1,0,1,0,0,0,0
1316,אל -עריאן,מנשה,0,0,0,0,0,1,0,0,1,0
4003,אל -רום,גולן,2,0,2,5,6,4,8,4,7,1
1145,אלומה,שפיר,0,0,49,10,7,13,7,1,2,1
330,אלומות,עמק הירדן,3,7,2,0,0,0,0,0,1,0
1182,אלון הגליל,עמק יזרעאל,7,7,6,2,7,1,3,2,0,0
429,אלוני אבא,עמק יזרעאל,2,2,4,1,1,0,0,0,2,0
4017,אלוני הבשן,גולן,9,9,2,2,5,2,0,5,4,0
285,אלונים,עמק יזרעאל,1,0,0,0,3,27,6,2,0,0
1365,אליאב,לכיש,8,4,2,16,19,8,16,10,3,0
41,אליכין,מועצה מקומית,12,7,10,8,2,1,4,4,7,0
4002,אלי-עד,גולן,3,5,6,2,1,6,5,13,19,1
1248,אליפז,חבל אילות,7,0,0,0,0,0,0,0,0,0
730,אליפלט,מבואות החרמון,1,3,13,6,19,11,6,8,7,1
682,אליקים,מגידו,0,3,2,1,0,0,3,1,0,1
204,אלישיב,עמק חפר,1,2,2,0,4,0,0,0,1,0
841,אלישמע,דרום השרון,5,0,1,2,0,2,2,1,2,0
1125,אלמגור,עמק הירדן,4,0,1,1,0,1,3,8,13,0
1309,אלעד,עירייה,130,2,4,0,0,0,0,108,32,128
603,אלקוש,מעלה יוסף,0,0,0,0,0,0,0,0,1,0
772,אמונים,באר טוביה,0,2,3,1,2,1,1,3,4,0
1064,אמירים,מרום הגליל,0,1,1,0,2,0,2,7,0,0
1253,אמנון,מבואות החרמון,0,0,17,19,10,4,6,7,1,3
23,אמציה,לכיש,0,7,6,0,0,0,0,0,0,0
4012,אניעם,גולן,2,2,1,0,1,0,0,3,2,1
529,אעבלין,מועצה מקומית,71,69,86,36,6,19,29,79,70,9
4301,אפיק,גולן,3,4,9,2,3,2,4,4,5,0
176,אפיקים,עמק הירדן,2,2,9,0,0,2,19,14,3,0
313,אפק,מטה אשר,1,8,10,8,12,3,3,0,3,3
3650,אפרת,מועצה מקומית,,,,92,99,9,3,3,63,
701,ארבל,הגליל התחתון,2,2,9,12,7,14,3,13,9,2
714,ארז,שער הנגב,1,9,13,2,0,0,0,0,17,0
3570,אריאל,עירייה,184,273,201,120,22,66,294,412,139,2
1324,ארסוף,חוף השרון,3,3,2,5,3,2,2,5,3,0
71,אשבול,מרחבים,13,10,8,5,5,3,9,2,1,0
1276,אשבל,משגב,0,0,0,0,0,0,12,0,0,0
70,אשדוד,עירייה,780,"1,117",298,972,"1,382",753,"1,028","2,466","1,926",704
199,אשדות יעקב (איחוד),עמק הירדן,2,1,0,3,1,1,1,16,4,0
188,אשדות יעקב (מאוחד),עמק הירדן,11,11,6,9,11,24,4,6,3,2
1188,אשחר,משגב,20,6,3,2,3,9,14,7,1,1
1152,אשלים,רמת נגב,13,10,5,6,7,3,6,4,2,0
7100,אשקלון,עירייה,"1,111","1,805","1,963",397,"1,308","2,925","4,207","2,453","1,903",505
1256,אשרת,מטה אשר,10,2,3,2,9,7,5,1,5,1
740,אשתאול,מטה יהודה,3,2,1,1,1,1,0,1,0,1
6000,באקה אל-גרביה,עירייה,61,43,7,58,46,58,109,122,120,19
21,באר אורה,חבל אילות,21,22,17,11,8,14,14,3,4,1
1376,באר גנים,חוף אשקלון,28,26,27,56,39,28,28,8,11,2
155,באר טוביה,באר טוביה,31,24,11,5,2,0,1,2,1,2
2530,באר יעקב,עירייה,530,337,169,145,897,"1,141","1,186","1,156",625,86
1278,באר מילכה,רמת נגב,0,1,1,2,1,1,2,2,3,0
9000,באר שבע,עירייה,"1,197","2,210","1,005","1,655","2,178",544,"1,525","2,263",955,114
450,בארות יצחק,חבל מודיעין,1,0,0,10,0,0,0,0,0,0
697,בארותיים,עמק חפר,7,3,0,7,1,0,1,0,2,0
399,בארי,אשכול,42,0,0,0,12,0,0,0,90,0
559,בוסתן הגליל,מטה אשר,9,2,3,0,2,1,0,2,1,0
482,בועיינה-נוג'ידאת,מועצה מקומית,67,77,73,23,72,42,49,86,82,20
4001,בוקעאתא,מועצה מקומית,34,47,25,21,26,19,41,51,23,5
698,בורגתה,עמק חפר,1,1,1,1,3,0,0,0,0,0
2043,בחן,עמק חפר,14,6,4,6,2,1,2,0,3,0
762,בטחה,מרחבים,3,3,4,2,3,1,3,1,3,0
234,ביצרון,באר טוביה,1,0,2,0,0,0,0,2,2,1
998,ביר אל-מכסור,מועצה מקומית,66,51,70,28,11,9,47,89,84,28
1348,ביר הדאג',נווה מדבר,0,0,0,0,0,0,4,1,3,0
368,בירייה,מרום הגליל,0,2,0,0,0,0,6,4,2,1
317,בית אורן,חוף הכרמל,0,6,4,3,3,6,6,7,6,2
562,בית אלעזרי,ברנר,11,4,1,8,2,0,5,2,3,0
95,בית אלפא,הגלבוע,2,7,0,7,3,6,1,13,11,3
1076,בית ברל,דרום השרון,1,0,0,0,0,0,0,0,1,0
619,בית גוברין,יואב,0,0,0,0,0,0,0,19,1,0
571,בית גמליאל,חבל יבנה,2,3,1,2,1,0,2,2,1,0
480,בית ג'ן,מועצה מקומית,26,25,33,28,30,25,42,59,58,13
466,בית דגן,מועצה מקומית,4,0,119,2,106,9,4,3,1,3
723,בית הגדי,שדות נגב,2,5,4,1,2,0,4,15,7,2
373,בית הלוי,עמק חפר,10,1,4,2,0,0,0,0,0,0
322,בית הלל,מבואות החרמון,6,3,3,2,0,0,1,1,1,0
572,בית העמק,מטה אשר,6,3,6,1,7,6,4,6,7,1
242,בית השיטה,הגלבוע,6,2,1,3,4,13,10,4,2,0
710,בית זית,מטה יהודה,5,0,1,1,0,0,0,0,0,4
143,בית זרע,עמק הירדן,0,0,4,21,0,0,0,0,1,0
877,בית חירות,עמק חפר,4,3,2,2,1,0,3,1,2,0
2033,בית חלקיה,נחל שורק,4,0,2,8,3,3,2,1,2,0
159,בית חנן,גן רווה,22,3,1,1,0,0,0,0,1,2
800,בית חנניה,חוף הכרמל,1,1,0,0,0,0,1,0,0,1
1050,בית חשמונאי,גזר,0,0,0,0,0,0,0,0,1,0
288,בית יהושע,חוף השרון,2,0,2,2,0,0,1,4,2,0
265,בית יוסף,עמק המעיינות,2,0,2,1,2,0,1,1,6,3
200,בית ינאי,עמק חפר,3,1,2,0,1,0,3,1,2,0
326,בית יצחק-שער חפר,עמק חפר,6,6,1,3,7,4,4,0,2,1
430,בית לחם הגלילית,עמק יזרעאל,2,1,0,1,0,0,2,2,8,9
751,בית מאיר,מטה יהודה,3,0,0,0,0,1,0,2,8,0
784,בית נחמיה,חבל מודיעין,2,0,0,1,1,0,1,0,5,1
16,בית ניר,יואב,1,1,1,3,7,1,2,10,5,0
672,בית נקופה,מטה יהודה,3,1,0,1,0,0,2,1,0,0
202,בית עובד,גן רווה,1,0,0,0,0,0,0,1,1,1
301,בית עוזיאל,גזר,3,1,0,1,1,0,1,0,3,2
756,בית עזרא,באר טוביה,1,3,0,0,0,0,1,0,0,0
604,בית עריף,חבל מודיעין,1,2,0,1,0,0,0,1,1,0
598,בית קמה,בני שמעון,1,1,1,1,0,1,0,0,36,0
365,בית קשת,הגליל התחתון,6,2,9,0,2,2,1,2,2,0
1162,בית רימון,הגליל התחתון,12,0,17,6,2,5,18,27,16,1
9200,בית שאן,עירייה,35,50,78,77,103,79,20,2,28,17
2610,בית שמש,עירייה,"1,108",312,251,743,"1,202","1,558","2,800","2,663","1,919",187
248,בית שערים,עמק יזרעאל,1,4,4,0,0,1,1,1,2,0
747,בית שקמה,חוף אשקלון,4,3,9,6,1,5,3,3,5,4
252,ביתן אהרן,עמק חפר,2,6,1,0,0,0,2,0,1,0
3780,ביתר עילית,עירייה,366,66,163,6,190,55,183,11,0,179
94,בלפוריה,עמק יזרעאל,3,10,13,5,0,7,3,0,0,1
760,בן זכאי,חבל יבנה,0,1,0,3,0,2,3,0,2,0
712,בן עמי,מטה אשר,0,0,1,0,0,0,0,0,4,0
1084,בן שמן (כפר נוער),חבל מודיעין,1,2,0,1,0,0,0,0,0,0
2013,בן שמן (מושב),חבל מודיעין,0,2,0,1,0,0,0,0,2,0
6100,בני ברק,עירייה,430,580,721,458,440,482,"1,985",976,"1,179",370
1368,בני דקלים,לכיש,17,10,30,14,33,11,6,6,5,4
592,בני דרום,חבל יבנה,4,15,6,0,5,7,1,3,1,0
386,בני דרור,לב השרון,0,1,1,1,0,2,9,13,11,7
4015,בני יהודה,גולן,0,0,3,22,4,7,5,5,2,0
1363,בני נצרים,אשכול,0,3,3,11,7,4,10,4,8,0
448,בני עטרות,חבל מודיעין,1,2,0,0,0,0,0,0,0,0
1066,"בני עי""ש",מועצה מקומית,0,15,0,1,0,0,0,2,1,1
418,בני ציון,חוף השרון,2,0,0,2,0,1,2,0,3,3
588,בני ראם,נחל שורק,1,0,3,3,0,2,0,3,1,0
685,בניה,ברנר,3,0,1,1,2,0,1,2,0,0
9800,בנימינה-גבעת עדה,מועצה מקומית,66,48,50,43,44,60,45,131,107,21
1326,"בסמ""ה",מועצה מקומית,23,13,3,11,3,8,19,36,39,9
944,בסמת טבעון,מועצה מקומית,39,18,29,16,11,20,34,47,63,8
483,בענה,מועצה מקומית,6,6,14,9,3,13,9,0,0,0
389,בצרה,חוף השרון,4,1,3,5,2,2,2,5,9,3
589,בצת,מטה אשר,1,0,0,2,9,33,26,17,14,3
864,בקוע,מטה יהודה,10,3,2,4,13,8,5,5,9,1
823,בר גיורא,מטה יהודה,1,2,0,1,3,3,2,0,2,0
1191,בר יוחאי,מרום הגליל,7,1,0,0,0,3,1,1,0,0
428,ברור חיל,שער הנגב,1,13,3,15,9,9,12,5,3,0
2060,ברוש,בני שמעון,6,2,3,4,3,2,6,3,3,0
746,ברכיה,חוף אשקלון,1,1,5,4,2,1,3,2,3,0
667,ברעם,הגליל העליון,0,0,0,8,0,0,0,0,12,0
141,ברק,הגלבוע,1,2,3,0,2,0,2,11,13,2
617,ברקאי,מנשה,0,0,0,0,0,0,0,0,1,0
2038,ברקת,חבל מודיעין,1,0,0,1,0,1,0,0,1,0
1323,בת הדר,חוף אשקלון,2,2,2,1,0,1,0,0,2,0
1361,בת חן,עמק חפר,1,2,0,0,0,0,0,0,0,0
1319,בת חפר,עמק חפר,4,0,0,0,0,0,0,0,297,8
6200,בת ים,עירייה,180,630,636,598,684,562,"3,036","3,195","2,137",243
33,בת שלמה,חוף הכרמל,1,0,0,0,0,2,2,1,2,0
872,גאולי תימן,עמק חפר,1,1,1,1,0,3,1,0,1,0
379,גאולים,לב השרון,0,1,4,2,2,1,0,3,1,0
853,גאליה,גן רווה,6,0,3,0,5,1,0,5,3,0
352,גבולות,אשכול,4,0,3,3,9,5,0,10,0,0
424,גבים,שער הנגב,4,1,4,0,0,12,1,0,8,0
86,גבע,הגלבוע,0,0,0,0,8,0,0,0,0,0
683,גבע כרמל,חוף הכרמל,1,2,1,0,0,0,1,4,2,2
2014,גבעולים,שדות נגב,2,2,1,3,1,0,2,1,6,0
1344,גבעות בר,בני שמעון,34,24,15,14,10,6,4,1,2,0
1362,גבעות עדן,מטה יהודה,0,0,0,0,0,188,0,0,0,0
1293,גבעת אבני,הגליל התחתון,3,2,29,5,7,1,1,0,0,0
1288,גבעת אלה,עמק יזרעאל,9,5,5,1,1,2,2,6,1,0
147,גבעת ברנר,ברנר,1,0,0,0,0,0,4,21,3,1
870,גבעת השלושה,דרום השרון,19,13,4,2,5,3,2,3,1,0
3730,גבעת זאב,מועצה מקומית,131,152,46,222,98,11,0,93,148,13
207,"גבעת ח""ן",דרום השרון,0,1,0,0,0,0,0,2,4,0
2018,גבעת חיים (איחוד),עמק חפר,3,1,1,0,2,0,0,0,1,0
173,גבעת חיים (מאוחד),עמק חפר,0,2,1,1,19,6,1,0,2,0
4021,גבעת יואב,גולן,7,4,7,3,1,1,2,11,10,0
787,גבעת יערים,מטה יהודה,4,0,2,3,1,2,2,0,6,1
919,גבעת ישעיהו,מטה יהודה,0,4,1,3,0,0,1,1,3,0
802,"גבעת כ""ח",חבל מודיעין,3,1,1,1,0,0,0,0,0,0
360,"גבעת ניל""י",אלונה,2,0,0,1,0,1,2,1,0,0
703,גבעת עוז,מגידו,1,4,0,0,0,0,0,8,2,0
681,גבעת שמואל,עירייה,286,339,135,216,211,510,554,475,252,83
1077,גבעת שפירא,עמק חפר,0,0,2,2,0,0,0,0,0,0
793,גבעתי,באר טוביה,2,0,0,6,1,1,1,4,8,1
6300,גבעתיים,עירייה,187,242,537,"1,088",522,161,226,261,"1,088",0
342,גברעם,חוף אשקלון,0,0,42,4,0,0,1,2,1,1
133,גבת,עמק יזרעאל,0,0,4,0,4,18,11,3,0,0
35,גדות,הגליל העליון,2,3,1,0,0,0,6,13,3,2
1292,ג'דיידה-מכר,מועצה מקומית,106,69,47,65,86,93,130,91,154,24
145,גדיש,הגלבוע,0,0,1,0,0,0,1,0,2,0
442,גדעונה,הגלבוע,10,3,0,1,0,1,1,0,1,0
2550,גדרה,מועצה מקומית,43,80,47,319,375,271,483,149,64,38
485,ג'ולס,מועצה מקומית,45,41,17,18,24,25,17,25,23,12
852,גונן,הגליל העליון,0,1,5,2,3,4,2,5,7,3
755,גורן,מעלה יוסף,0,0,0,1,1,0,0,0,0,0
1219,גורנות הגליל,מעלה יוסף,0,0,0,2,11,14,2,0,0,0
457,גזית,עמק יזרעאל,15,5,5,0,11,0,0,0,0,1
370,גזר,גזר,1,1,0,0,3,4,12,0,3,1
706,גיאה,חוף אשקלון,3,2,2,5,4,0,4,4,14,2
196,גיבתון,ברנר,3,5,2,1,3,5,4,4,1,1
1043,גיזו,מטה יהודה,0,1,0,0,0,0,0,0,0,0
1204,גילון,משגב,0,0,0,7,14,7,1,0,1,0
736,גילת,מרחבים,10,7,9,11,13,2,4,1,4,1
262,גינוסר,עמק הירדן,5,2,8,254,3,0,2,2,1,2
92,גיניגר,עמק יזרעאל,2,3,1,1,0,0,1,26,12,0
863,גינתון,חבל מודיעין,2,0,0,0,0,0,0,0,0,0
1206,גיתה,מעלה יוסף,4,0,1,0,0,0,0,0,1,0
393,גלאון,יואב,11,10,1,1,1,0,0,4,1,0
627,ג'לג'וליה,מועצה מקומית,27,1,8,25,0,33,68,89,52,0
369,גלעד (אבן יצחק),מגידו,4,24,0,0,4,0,8,0,0,0
745,גמזו,חבל מודיעין,4,0,2,1,1,1,0,1,1,0
1072,גן הדרום,גדרות,5,3,0,3,3,2,1,1,0,1
225,גן השומרון,מנשה,3,1,1,0,3,2,5,8,3,2
239,גן חיים,דרום השרון,0,2,0,0,1,1,1,1,1,2
734,גן יאשיה,עמק חפר,4,2,1,0,0,1,3,0,2,2
166,גן יבנה,מועצה מקומית,44,65,54,33,54,197,981,316,69,14
1274,גן נר,הגלבוע,7,8,2,1,1,1,2,0,0,0
311,גן שורק,גן רווה,0,0,0,0,0,1,1,2,2,0
144,גן שלמה,ברנר,0,0,0,0,0,0,3,12,4,0
72,גן שמואל,מנשה,0,0,0,0,0,0,6,0,0,0
836,גנות,שדות דן,1,0,2,3,0,0,1,0,0,0
549,גנות הדר,לב השרון,3,7,3,0,0,1,2,3,1,0
1103,גני הדר,גזר,2,6,2,1,2,3,3,4,2,0
1371,גני טל,נחל שורק,3,9,3,7,3,2,3,2,2,0
862,גני יוחנן,גזר,0,0,0,2,0,1,1,1,5,0
218,גני עם,דרום השרון,1,1,1,0,1,0,0,0,2,1
229,גני תקווה,עירייה,239,279,377,332,144,285,22,21,107,2
541,ג'סר א-זרקא,מועצה מקומית,76,59,61,45,51,37,24,133,132,7
842,געש,חוף השרון,10,0,0,0,0,0,1,0,0,0
463,געתון,מטה אשר,15,7,10,1,0,1,3,13,7,0
39,גפן,מטה יהודה,1,1,2,2,0,0,0,1,0,0
1129,גרופית,חבל אילות,5,0,0,0,0,0,0,0,0,0
487,ג'ש (גוש חלב),מועצה מקומית,16,8,6,18,7,1,6,7,1,0
4022,גשור,גולן,5,1,4,0,3,1,4,9,3,1
305,גשר,עמק המעיינות,0,1,1,2,4,0,1,1,8,0
574,גשר הזיו,מטה אשר,2,2,1,1,4,3,4,2,2,0
628,ג'ת,מועצה מקומית,13,21,5,33,23,5,41,31,26,4
340,גת (קיבוץ),יואב,9,3,6,14,5,3,0,0,1,0
128,גת רימון,דרום השרון,0,1,0,0,0,0,0,0,0,2
494,דאלית אל-כרמל,מועצה מקומית,27,223,53,505,96,10,55,59,31,4
146,דבורה,הגלבוע,1,4,0,0,0,2,0,0,0,1
489,דבורייה,מועצה מקומית,82,52,45,25,28,33,10,30,101,40
849,דביר,בני שמעון,19,27,7,2,4,0,14,8,13,1
407,דברת,עמק יזרעאל,3,2,5,1,5,15,4,5,2,0
62,דגניה א',עמק הירדן,1,1,0,1,0,0,15,11,10,1
79,דגניה ב',עמק הירדן,0,0,1,0,17,0,0,1,12,0
1067,"דוב""ב",מרום הגליל,1,0,0,0,0,0,0,1,1,0
738,דור,חוף הכרמל,0,0,1,0,0,1,1,0,1,0
336,דורות,שער הנגב,19,3,2,4,4,3,0,14,5,0
475,דחי,בוסתן אל-מרג',3,0,2,1,2,7,3,7,9,2
490,דייר אל-אסד,מועצה מקומית,16,4,32,12,7,20,17,15,0,0
492,דייר חנא,מועצה מקומית,69,41,41,34,20,45,43,95,83,14
2200,דימונה,עירייה,250,303,322,472,237,465,212,316,368,302
2063,דישון,מבואות החרמון,0,0,1,1,0,0,0,0,2,0
300,דלייה,מגידו,0,25,15,5,0,1,0,1,0,0
431,דלתון,מרום הגליל,0,0,4,0,6,8,8,12,4,0
1317,דמיידה,משגב,2,1,8,2,5,3,1,2,4,1
303,דן,הגליל העליון,13,12,1,1,0,2,0,0,2,0
302,דפנה,הגליל העליון,5,0,3,0,13,9,15,14,10,0
1241,דקל,אשכול,2,0,1,2,5,3,1,2,6,1
1349,דריג'את,אל קסום,0,1,3,0,0,0,9,0,16,1
702,האון,עמק הירדן,0,0,0,0,0,0,1,0,0,0
675,הבונים,חוף הכרמל,0,0,0,0,0,1,0,14,32,10
356,הגושרים,הגליל העליון,0,0,3,35,17,25,24,16,7,0
191,הדר עם,עמק חפר,8,1,2,0,2,2,1,0,2,1
9700,הוד השרון,עירייה,607,151,814,231,309,362,392,823,230,114
1322,הודיות,הגליל התחתון,0,0,0,0,2,0,0,0,0,0
726,הודייה,חוף אשקלון,9,4,6,13,9,5,12,4,4,0
1169,הוואשלה (שבט),חסר מעמד,0,0,0,0,1,0,0,0,0,0
1186,הושעיה,עמק יזרעאל,10,33,9,5,3,2,0,2,2,0
250,הזורע,מגידו,0,0,0,0,34,0,0,0,0,0
307,הזורעים,הגליל התחתון,8,1,13,4,4,0,13,20,15,0
434,החותרים,חוף הכרמל,0,2,3,1,0,1,1,1,1,1
684,היוגב,עמק יזרעאל,4,6,3,5,11,26,12,13,7,1
1208,הילה,מעלה יוסף,1,0,0,1,0,0,0,0,0,0
,היתרי בנייה שאינם ביישובים,,16,2,5,2,5,1,84,4,5,1
377,המעפיל,עמק חפר,0,1,0,0,0,0,2,0,1,1
677,הסוללים,עמק יזרעאל,6,2,12,1,3,0,3,4,4,0
423,העוגן,עמק חפר,1,1,0,0,1,1,2,0,0,1
1261,הר עמשא,תמר,7,2,2,2,0,0,0,17,5,1
464,הראל,מטה יהודה,2,0,0,0,0,1,0,0,1,0
1249,הרדוף,עמק יזרעאל,1,0,1,1,0,10,7,4,9,2
6400,הרצלייה,עירייה,"1,270",894,679,"2,394","2,086",468,"1,220",620,511,125
1203,הררית,משגב,4,5,19,8,14,3,1,8,1,1
815,זבדיאל,שפיר,8,0,5,4,6,5,11,9,3,1
44,זוהר,לכיש,1,1,0,1,0,0,0,0,0,0
584,זיקים,חוף אשקלון,5,31,10,5,18,0,10,1,0,0
788,זיתן,שדות דן,2,2,1,0,1,1,2,0,1,1
9300,זכרון יעקב,מועצה מקומית,144,133,136,124,139,151,371,81,89,24
799,זכריה,מטה יהודה,5,1,3,0,0,3,0,2,0,0
1290,זמר,מועצה מקומית,38,41,24,19,29,15,22,34,29,11
1065,זמרת,שדות נגב,7,3,0,2,4,3,0,2,1,1
816,זנוח,מטה יהודה,2,0,0,0,1,1,0,0,1,0
2064,זרועה,שדות נגב,3,3,4,5,1,5,4,2,3,1
975,זרזיר,מועצה מקומית,13,14,31,28,20,15,36,18,19,1
818,זרחיה,שפיר,1,1,3,2,1,2,0,3,3,0
235,חבצלת השרון,עמק חפר,1,1,0,1,0,0,0,0,2,0
1110,חבר,הגלבוע,22,24,7,11,32,20,23,19,5,0
717,חגור,דרום השרון,3,1,2,5,2,1,1,0,7,1
205,חגלה,עמק חפר,2,3,4,1,2,0,2,0,2,0
618,חדיד,חבל מודיעין,5,5,0,5,0,0,4,1,1,0
4026,חד-נס,גולן,9,4,5,2,2,1,1,5,7,0
6500,חדרה,עירייה,"1,298","1,274",930,565,676,344,551,"1,053",361,280
1321,ח'ואלד,זבולון,4,3,12,5,11,1,2,12,2,0
160,חולדה,גזר,0,1,8,16,0,2,1,0,43,0
6600,חולון,עירייה,700,975,788,989,823,"1,410",682,528,521,5
1239,חולית,אשכול,0,0,0,4,13,0,0,11,0,0
253,חולתה,הגליל העליון,1,5,4,6,4,6,15,7,17,2
662,חוסן,מעלה יוסף,10,5,2,3,5,8,10,4,1,1
1332,חוסנייה,משגב,2,1,1,9,11,6,7,3,7,1
115,חופית,עמק חפר,4,3,4,1,1,1,0,0,3,0
374,חוקוק,עמק הירדן,0,8,1,1,6,5,2,9,6,0
1303,חורה,מועצה מקומית,114,119,60,30,87,114,127,131,117,24
496,חורפיש,מועצה מקומית,6,9,11,20,14,14,47,71,42,5
355,חורשים,דרום השרון,1,0,0,1,1,1,3,2,17,1
1047,חזון,מרום הגליל,0,0,0,0,0,1,11,4,4,1
219,חיבת ציון,עמק חפר,5,1,8,30,13,7,2,0,5,0
4000,חיפה,עירייה,"1,132",965,"2,458",647,402,365,756,"1,546","1,548",193
162,חירות,לב השרון,4,2,1,4,0,2,1,0,2,1
1272,חלוץ,משגב,1,0,5,10,7,4,0,1,2,0
820,חלץ,חוף אשקלון,0,0,3,11,9,9,7,13,15,2
801,"חמ""ד",שדות דן,9,7,5,0,1,0,1,1,6,0
343,חמדיה,עמק המעיינות,1,0,1,1,1,4,2,4,5,0
807,חניאל,עמק חפר,2,3,1,1,2,1,0,1,0,0
280,חניתה,מטה אשר,1,1,0,0,0,0,0,0,4,0
1257,חנתון,עמק יזרעאל,12,3,1,2,2,0,0,0,2,0
4005,חספין,גולן,11,5,4,3,2,12,15,6,12,7
363,חפץ חיים,נחל שורק,0,4,0,0,11,8,3,4,8,0
90,חפצי-בה,הגלבוע,20,3,0,4,1,1,2,2,2,0
700,חצב,באר טוביה,4,1,1,0,1,1,3,2,1,0
13,חצבה,הערבה התיכונה,6,2,0,0,6,5,11,15,10,4
2034,חצור הגלילית,מועצה מקומית,54,78,63,32,61,122,58,4,2,1
406,חצור-אשדוד,באר טוביה,0,0,0,2,0,0,44,0,0,0
397,חצרים,בני שמעון,29,1,1,1,20,0,0,52,0,0
422,חרב לאת,עמק חפר,2,7,6,1,2,0,0,0,2,0
1024,חרוצים,חוף השרון,4,1,0,4,2,1,0,1,2,1
1247,חריש,עירייה,"4,133","1,253","2,480",767,"1,711",156,326,172,1,0
1209,חרשים,משגב,3,5,2,2,1,1,1,0,2,0
6700,טבריה,עירייה,407,515,304,185,137,232,203,462,954,388
962,טובא-זנגרייה,מועצה מקומית,21,24,21,24,14,22,4,24,15,4
498,טורעאן,מועצה מקומית,78,96,68,73,90,63,30,106,144,19
2730,טייבה,עירייה,50,128,156,56,96,75,100,77,65,16
497,טייבה (בעמק),הגלבוע,22,3,3,5,2,9,6,9,8,3
2720,טירה,עירייה,74,81,112,140,43,57,101,120,57,32
663,טירת יהודה,חבל מודיעין,1,2,0,1,0,0,0,2,1,0
2100,טירת כרמל,עירייה,466,690,123,"1,356",362,410,376,206,5,0
268,טירת צבי,עמק המעיינות,4,8,6,7,6,5,5,6,5,2
462,טל שחר,מטה יהודה,3,3,1,4,2,1,0,2,0,3
1181,טל-אל,משגב,14,0,1,0,2,11,13,5,0,0
1177,טללים,רמת נגב,11,10,0,1,0,1,8,3,7,0
8900,טמרה,עירייה,90,83,91,117,39,31,52,46,89,17
547,טמרה (יזרעאל),הגלבוע,0,0,6,0,5,3,0,0,0,0
1214,טפחות,מרום הגליל,0,0,0,0,0,0,1,0,0,0
1295,יאנוח-ג'ת,מועצה מקומית,20,31,33,27,19,14,39,53,43,7
1232,יבול,אשכול,3,1,3,3,0,4,3,7,4,1
46,יבנאל,מועצה מקומית,17,22,8,10,14,4,13,25,18,0
2660,יבנה,עירייה,196,205,668,"1,220","1,201",222,460,480,345,16
96,יגור,זבולון,10,5,0,16,22,0,0,0,0,0
798,יגל,שדות דן,4,1,0,0,1,0,0,0,2,0
577,יד בנימין,נחל שורק,15,12,4,35,5,2,3,2,0,0
1134,יד השמונה,מטה יהודה,1,0,0,0,0,0,0,0,0,0
758,יד חנה,עמק חפר,8,3,0,7,10,3,3,1,2,0
358,יד מרדכי,חוף אשקלון,0,0,0,0,30,11,0,4,2,1
775,יד נתן,לכיש,5,4,1,2,1,1,1,2,0,0
64,"יד רמב""ם",גזר,2,1,1,2,0,1,0,0,3,0
9400,יהוד-מונוסון,עירייה,110,321,309,376,404,9,15,126,183,14
1158,יהל,חבל אילות,3,6,0,1,0,0,2,1,0,9
2009,יובל,מבואות החרמון,0,0,0,0,2,8,16,5,1,0
1226,יובלים,משגב,14,1,0,0,0,0,1,0,0,0
1112,יודפת,משגב,22,6,5,3,2,9,2,2,0,0
4007,יונתן,גולן,10,6,3,7,4,3,5,10,5,1
803,יושיביה,שדות נגב,11,4,3,5,6,4,1,3,1,0
452,יזרעאל,הגלבוע,0,0,0,0,0,0,6,0,9,0
409,יחיעם,מטה אשר,6,22,4,3,5,0,4,0,5,0
866,יטבתה,חבל אילות,0,12,0,0,12,0,12,0,0,0
,"יישובים המונים פחות מ-10,000 תושבים באזור יהודה ושומרון",שומרון,"1,223","1,617","1,461",919,898,970,"1,971","1,494","1,649",134
811,יכיני,שער הנגב,1,0,3,2,8,6,7,5,2,1
753,ינוב,לב השרון,3,3,2,1,1,1,0,1,3,1
2011,ינון,באר טוביה,0,3,2,2,1,1,2,0,0,0
29,יסוד המעלה,מועצה מקומית,7,6,7,6,5,4,4,7,1,1
440,יסודות,נחל שורק,2,0,1,1,1,0,0,3,8,2
575,יסעור,מטה אשר,9,5,2,1,15,7,2,1,5,0
1138,יעד,משגב,1,0,0,13,8,0,25,1,0,0
1044,יעף,לב השרון,0,1,1,0,0,0,0,0,0,0
795,יערה,מעלה יוסף,6,2,0,0,6,10,8,8,4,2
499,יפיע,מועצה מקומית,84,80,69,59,64,40,103,162,131,35
134,יפעת,עמק יזרעאל,11,3,3,2,0,4,21,4,1,0
453,יפתח,הגליל העליון,4,4,1,0,1,2,2,3,1,0
759,יציץ,גזר,4,2,1,0,0,0,2,4,2,1
417,יקום,חוף השרון,0,4,0,5,7,3,0,1,3,2
241,יקנעם (מושבה),מגידו,7,6,4,1,4,4,6,12,17,0
240,יקנעם עילית,עירייה,56,410,14,0,4,521,36,271,36,57
2026,ירדנה,עמק המעיינות,3,8,1,2,4,2,4,3,9,0
831,ירוחם,מועצה מקומית,190,75,217,31,30,82,40,46,43,14
3000,ירושלים,עירייה,"2,380","2,621","2,986","3,727","2,610","2,516","3,546","8,209","8,029","1,589"
718,ירחיב,דרום השרון,4,2,0,1,7,3,2,7,1,1
502,ירכא,מועצה מקומית,43,28,25,21,35,66,79,51,44,3
183,ירקונה,דרום השרון,0,0,0,1,1,0,0,0,0,0
916,ישע,אשכול,4,3,2,2,4,7,4,2,5,2
805,ישעי,מטה יהודה,2,5,12,11,4,2,3,3,2,1
828,ישרש,גזר,1,2,2,0,2,0,0,1,0,0
1227,יתד,אשכול,14,5,16,20,20,2,0,1,5,1
504,כאבול,מועצה מקומית,59,26,70,51,18,13,55,29,57,8
505,כאוכב אבו אל-היג'א,מועצה מקומית,31,24,28,6,0,10,11,31,41,9
576,כברי,מטה אשר,6,1,2,2,0,0,0,0,1,4
371,כדורי,הגליל התחתון,0,1,0,0,0,0,0,0,0,0
1224,כוכב יאיר,מועצה מקומית,7,5,2,14,116,19,41,10,9,2
824,כוכב מיכאל,חוף אשקלון,9,6,7,4,2,1,1,2,4,0
1252,כורזים,מבואות החרמון,2,0,1,0,0,0,0,2,25,4
1210,כחל,מבואות החרמון,8,4,12,0,3,7,3,2,4,4
840,כיסופים,אשכול,1,0,1,1,6,4,0,1,1,0
1153,כישור,משגב,1,1,1,5,5,3,3,0,0,0
1229,כלנית,מרום הגליל,1,6,1,1,1,1,2,4,1,0
1331,כמאנה,משגב,5,7,20,14,13,34,36,37,28,7
1291,כמהין,רמת נגב,1,1,0,1,0,0,0,0,0,0
1201,כמון,משגב,6,6,4,2,4,2,2,2,7,3
4028,כנף,גולן,1,2,4,1,5,1,1,1,1,0
63,כנרת (מושבה),עמק הירדן,0,3,2,3,2,1,3,4,7,0
57,כנרת (קבוצה),עמק הירדן,11,12,18,16,0,1,0,1,4,0
1059,כסיפה,מועצה מקומית,72,33,20,32,57,69,70,121,88,19
859,כסלון,מטה יהודה,0,2,1,0,1,0,1,2,0,0
1296,כסרא-סמיע,מועצה מקומית,36,34,20,43,26,40,47,45,82,24
978,כעביה-טבאש-חג'אג'רה,מועצה מקומית,37,21,17,22,33,29,30,23,39,5
857,כפר אביב,גדרות,3,4,0,2,0,2,0,2,1,1
364,כפר אוריה,מטה יהודה,3,0,4,2,2,1,2,4,2,0
690,כפר אחים,באר טוביה,3,3,3,2,0,1,1,1,4,1
220,כפר ביאליק,זבולון,1,3,3,0,1,1,2,2,4,2
177,"כפר ביל""ו",גזר,3,0,2,1,2,1,0,4,2,0
357,כפר בלום,הגליל העליון,11,3,2,1,0,2,0,8,6,2
2010,כפר בן נון,גזר,4,1,3,3,1,2,0,0,0,0
633,כפר ברא,מועצה מקומית,22,26,17,8,1,30,13,67,238,4
132,כפר ברוך,עמק יזרעאל,2,2,2,1,9,22,11,13,6,5
106,כפר גדעון,עמק יזרעאל,0,1,0,0,1,0,0,1,0,1
310,כפר גליקסון,מנשה,0,0,0,0,0,3,0,3,0,0
76,כפר גלעדי,הגליל העליון,5,13,9,15,3,0,0,0,0,0
707,כפר דניאל,חבל מודיעין,0,0,1,0,0,0,0,1,0,1
192,כפר החורש,עמק יזרעאל,3,27,2,1,0,0,7,2,1,0
254,כפר המכבי,זבולון,0,0,0,0,0,0,0,13,6,14
582,כפר הנגיד,גן רווה,0,2,1,1,1,2,2,1,5,0
443,כפר הנשיא,הגליל העליון,2,1,0,0,1,0,2,0,0,1
187,כפר הס,לב השרון,4,5,0,1,2,3,7,1,1,0
217,"כפר הרא""ה",עמק חפר,1,2,0,1,0,0,1,0,1,1
888,"כפר הרי""ף",יואב,1,5,1,1,0,1,4,2,0,0
190,כפר ויתקין,עמק חפר,4,1,2,0,4,0,0,0,1,0
320,כפר ורבורג,באר טוביה,5,2,2,1,0,0,0,2,0,1
1263,כפר ורדים,מועצה מקומית,45,19,66,46,68,86,40,84,56,3
786,כפר זיתים,הגליל התחתון,3,4,3,3,1,1,2,3,1,0
696,"כפר חב""ד",שדות דן,3,5,4,6,2,2,0,1,3,1
609,כפר חושן,מרום הגליל,1,11,5,0,2,5,4,5,2,1
255,כפר חיטים,הגליל התחתון,1,3,1,0,2,0,4,0,0,0
193,כפר חיים,עמק חפר,3,5,1,0,1,0,0,0,0,1
1297,כפר חנניה,מרום הגליל,1,2,2,1,1,1,0,0,0,0
112,כפר חסידים א',זבולון,2,2,4,2,4,0,1,2,1,0
889,כפר חסידים ב',זבולון,0,0,1,0,0,1,0,0,0,0
4004,כפר חרוב,גולן,1,3,12,4,5,5,3,9,4,0
673,כפר טרומן,חבל מודיעין,0,3,0,1,2,0,3,1,1,1
507,כפר יאסיף,מועצה מקומית,62,57,41,27,31,28,31,72,65,11
233,כפר ידידיה,עמק חפר,0,1,1,0,1,2,0,0,1,0
140,כפר יהושע,עמק יזרעאל,1,15,5,6,4,1,4,2,4,1
168,כפר יונה,עירייה,28,737,594,403,519,70,80,277,38,127
85,כפר יחזקאל,הגלבוע,4,4,4,0,1,11,15,17,13,1
170,כפר יעבץ,לב השרון,2,0,0,0,0,0,0,1,21,2
508,כפר כמא,מועצה מקומית,8,10,16,14,8,18,8,26,26,5
509,כפר כנא,מועצה מקומית,125,117,91,99,103,89,127,108,186,19
387,כפר מונש,עמק חפר,2,1,0,2,4,1,0,0,3,0
1095,כפר מימון,שדות נגב,9,7,10,6,4,10,3,0,3,0
98,"כפר מל""ל",דרום השרון,0,2,0,2,1,2,1,1,0,1
510,כפר מנדא,מועצה מקומית,192,135,146,38,16,28,52,138,343,24
274,כפר מנחם,יואב,2,0,1,0,0,0,2,3,3,0
297,כפר מסריק,מטה אשר,0,0,12,3,1,15,3,1,0,0
512,כפר מצר,בוסתן אל-מרג',11,2,1,5,1,3,3,2,0,2
764,כפר מרדכי,גדרות,1,4,0,0,4,0,0,2,3,0
316,כפר נטר,חוף השרון,4,0,0,0,2,0,0,2,0,1
345,כפר סאלד,הגליל העליון,0,9,8,9,3,7,2,2,0,0
6900,כפר סבא,עירייה,377,556,327,338,114,176,461,248,531,102
249,כפר סירקין,דרום השרון,21,12,3,5,2,0,5,5,4,2
845,כפר עזה,שער הנגב,0,2,5,19,12,6,0,0,5,0
189,כפר פינס,מנשה,0,0,3,1,0,0,0,0,0,2
634,כפר קאסם,עירייה,164,81,94,49,59,80,62,114,58,26
388,כפר קיש,הגליל התחתון,4,0,3,1,4,3,18,13,6,3
654,כפר קרע,עירייה,49,47,3,21,15,22,17,38,70,9
579,כפר ראש הנקרה,מטה אשר,5,6,3,4,0,1,1,0,0,0
1130,כפר רוזנואלד (זרעית),מעלה יוסף,0,3,1,1,0,1,0,0,0,1
295,כפר רופין,עמק המעיינות,2,4,1,0,1,1,1,1,4,4
1166,כפר רות,חבל מודיעין,2,1,1,0,0,1,0,0,0,0
605,כפר שמאי,מרום הגליל,1,1,4,0,1,0,0,0,0,0
743,כפר שמואל,גזר,1,2,1,3,2,1,1,3,2,0
267,כפר שמריהו,מועצה מקומית,8,2,9,6,6,9,2,4,5,3
47,כפר תבור,מועצה מקומית,55,51,15,38,25,15,7,21,16,8
1285,כרכום,מבואות החרמון,0,1,0,0,0,0,0,0,0,0
664,כרם בן זמרה,מרום הגליל,2,1,1,0,0,1,2,1,1,2
88,כרם בן שמן,חבל מודיעין,0,1,0,0,0,0,0,0,0,0
580,"כרם מהר""ל",חוף הכרמל,2,2,0,0,0,0,0,5,2,0
1085,כרם שלום,אשכול,0,1,0,0,8,0,0,0,0,0
1264,כרמי יוסף,גזר,7,4,4,4,4,1,7,5,0,0
1374,כרמי קטיף,לכיש,0,0,6,12,2,0,0,16,17,6
1139,כרמיאל,עירייה,102,128,66,235,272,238,19,421,291,2
768,כרמייה,חוף אשקלון,1,2,0,0,3,0,0,32,0,0
1198,כרמים,בני שמעון,0,1,0,0,1,0,36,2,0,0
1207,לבון,משגב,2,1,0,1,2,1,22,15,1,1
585,לביא,הגליל התחתון,0,0,0,0,0,0,0,2,0,0
1230,לבנים,מרום הגליל,1,0,1,0,1,9,15,13,7,1
2023,להב,בני שמעון,0,18,16,2,6,0,0,0,15,0
380,להבות הבשן,הגליל העליון,0,0,5,5,4,1,3,0,0,1
715,להבות חביבה,מנשה,0,0,14,8,1,2,1,3,3,2
1271,להבים,מועצה מקומית,8,4,382,68,72,84,77,60,30,7
7000,לוד,עירייה,157,"1,502",629,405,400,516,146,"2,148","3,155",137
52,לוזית,מטה יהודה,7,19,9,8,8,5,4,0,1,0
595,לוחמי הגיטאות,מטה אשר,19,0,0,4,20,1,12,6,7,2
1171,לוטם,משגב,5,2,5,3,6,1,1,0,2,0
1255,לוטן,חבל אילות,3,0,0,4,0,1,0,0,1,0
674,לימן,מטה אשר,4,0,1,1,3,1,12,14,9,1
24,לכיש,לכיש,12,30,14,10,5,5,4,6,3,0
1310,לפיד,חבל מודיעין,5,0,1,0,1,1,0,0,0,0
1173,לפידות,מעלה יוסף,0,0,4,2,0,1,0,1,0,0
1060,לקיה,מועצה מקומית,67,39,25,23,22,44,31,38,69,12
2055,מאור,מנשה,2,1,6,24,4,4,9,23,7,5
102,מאיר שפיה,חוף הכרמל,0,0,0,0,0,0,0,0,0,0
771,מבוא ביתר,מטה יהודה,7,9,6,7,0,1,1,2,5,0
4204,מבוא חמה,גולן,19,9,12,0,1,0,1,26,3,1
1141,מבוא מודיעים,חבל מודיעין,0,0,0,0,0,0,0,2,0,52
1080,מבועים,מרחבים,3,1,0,1,0,0,0,1,1,0
829,מבטחים,אשכול,0,0,0,0,0,1,2,1,0,0
573,מבקיעים,חוף אשקלון,2,2,0,3,0,2,2,2,6,4
1015,מבשרת ציון,מועצה מקומית,57,18,29,307,57,49,746,217,50,6
481,מגאר,עירייה,77,56,35,70,65,50,31,84,62,29
516,מג'ד אל-כרום,מועצה מקומית,4,7,5,4,3,24,28,82,98,21
689,מגדים,חוף הכרמל,1,0,0,0,2,0,1,6,5,2
65,מגדל,מועצה מקומית,31,22,44,17,49,15,12,55,30,4
874,מגדל העמק,עירייה,1,4,274,479,49,35,261,422,127,61
4201,מג'דל שמס,מועצה מקומית,42,71,62,37,35,70,47,52,52,8
586,מגידו,מגידו,3,2,2,0,3,3,6,4,0,0
375,מגל,מנשה,13,0,0,6,2,9,11,14,2,0
695,מגן,אשכול,0,0,0,1,1,15,0,0,0,0
1155,מגן שאול,הגלבוע,6,5,7,5,3,5,5,4,5,0
722,מגשימים,דרום השרון,1,2,1,5,2,2,1,0,1,0
2029,מדרך עוז,מגידו,6,1,1,1,1,0,1,1,1,0
1140,מדרשת בן גוריון,רמת נגב,9,9,2,4,3,7,53,13,11,0
897,מדרשת רופין,עמק חפר,0,0,0,146,0,0,0,0,0,0
3797,מודיעין עילית,עירייה,283,296,101,509,108,166,167,294,0,0
1200,מודיעין-מכבים-רעות,עירייה,"1,534",388,"1,433",515,533,"1,991","1,102",490,144,0
269,מולדת,הגלבוע,15,6,5,2,2,6,1,1,17,7
208,מוצא עילית,מטה יהודה,4,2,130,1,3,0,0,1,0,0
635,מוקייבלה,הגלבוע,39,15,2,7,16,27,3,13,19,5
1163,מורן,משגב,0,0,0,0,3,9,4,2,5,0
1178,מורשת,משגב,1,0,2,25,9,7,1,0,8,3
606,מזור,חבל מודיעין,1,2,1,0,0,0,0,1,0,0
28,מזכרת בתיה,מועצה מקומית,102,114,76,91,120,62,90,22,121,7
104,מזרע,עמק יזרעאל,3,3,24,5,1,0,0,0,2,1
517,מזרעה,מועצה מקומית,1,12,12,28,31,20,64,56,88,6
308,מחניים,הגליל העליון,5,1,2,7,3,3,1,0,3,1
776,מחסיה,מטה יהודה,0,2,1,1,0,0,2,0,0,0
43,מטולה,מועצה מקומית,5,9,11,10,2,7,5,1,8,1
822,מטע,מטה יהודה,2,1,1,0,1,0,2,1,0,0
1128,מי עמי,מנשה,0,0,0,0,0,2,0,0,2,0
2054,מיטב,הגלבוע,0,1,0,0,2,0,1,0,3,0
1154,מיטל,עמק המעיינות,0,0,0,0,0,0,0,0,0,0
649,מייסר,מנשה,0,0,2,4,0,2,1,11,15,3
4019,מיצר,גולן,0,1,0,0,0,0,0,5,13,3
1282,מירב,עמק המעיינות,2,9,0,0,6,3,5,1,6,3
607,מירון,מרום הגליל,2,5,7,1,1,1,6,5,6,0
731,מישר,גדרות,1,3,1,3,2,2,2,0,3,1
1268,מיתר,מועצה מקומית,91,125,301,95,63,55,113,44,65,10
1343,מכחול,אל קסום,0,0,0,0,0,1,0,0,1,0
382,מכמורת,עמק חפר,5,3,3,4,3,2,0,0,3,1
1202,מכמנים,משגב,8,3,3,2,2,5,10,14,1,1
164,מלאה,הגלבוע,0,1,0,0,1,0,0,0,1,0
2044,מלילות,שדות נגב,7,7,1,2,1,2,3,2,3,2
596,מלכייה,הגליל העליון,1,0,0,1,0,2,9,7,3,0
2030,מנוחה,לכיש,6,6,1,0,1,1,1,0,1,0
1174,מנוף,משגב,20,0,8,6,1,0,0,0,0,0
1205,מנות,מעלה יוסף,4,2,0,1,7,9,10,3,5,1
48,מנחמיה,עמק המעיינות,2,2,1,4,1,6,2,8,1,0
347,מנרה,הגליל העליון,0,0,0,4,2,0,2,0,2,0
994,מנשית זבדה,עמק יזרעאל,2,5,4,0,2,1,5,4,1,0
1258,מסד,הגליל התחתון,4,1,3,1,1,0,6,19,14,1
263,מסדה,עמק הירדן,0,1,0,1,0,0,1,2,2,0
298,מסילות,עמק המעיינות,0,1,2,6,9,3,1,3,4,1
742,מסילת ציון,מטה יהודה,3,3,0,0,1,2,0,1,1,0
748,מסלול,מרחבים,2,2,1,2,0,2,16,11,10,2
4203,מסעדה,מועצה מקומית,10,53,34,23,26,13,10,31,34,10
197,מעברות,עמק חפר,20,0,0,0,0,54,0,0,0,0
1082,מעגלים,שדות נגב,2,1,1,1,2,1,0,1,2,1
678,מעגן,עמק הירדן,1,3,1,1,0,3,0,0,1,5
694,מעגן מיכאל,חוף הכרמל,9,0,0,1,0,0,12,8,2,32
272,מעוז חיים,עמק המעיינות,6,6,1,3,0,2,2,1,2,1
570,מעונה,מעלה יוסף,0,2,0,0,0,1,0,0,0,0
416,מעיין ברוך,הגליל העליון,1,0,4,2,0,2,1,1,1,0
290,מעיין צבי,חוף הכרמל,0,1,0,0,0,0,0,0,0,2
518,מעיליא,מועצה מקומית,15,20,12,6,9,7,20,18,19,8
3616,מעלה אדומים,עירייה,163,0,1,47,40,22,251,426,0,0
1127,מעלה גלבוע,עמק המעיינות,5,6,9,1,3,8,10,4,11,0
4008,מעלה גמלא,גולן,6,10,5,6,6,4,3,7,5,2
286,מעלה החמישה,מטה יהודה,29,3,3,1,0,0,0,0,0,0
1327,מעלה עירון,מועצה מקומית,21,22,5,37,10,32,43,53,89,11
1063,מעלות-תרשיחא,עירייה,272,115,75,16,101,293,37,18,115,6
344,מענית,מנשה,0,0,0,0,0,0,1,27,2,0
230,מעש,דרום השרון,1,2,0,3,0,3,1,2,10,1
668,מפלסים,שער הנגב,11,1,1,1,8,0,6,7,0,5
325,מצובה,מטה אשר,1,2,0,1,0,0,0,0,9,1
757,מצליח,גזר,5,2,0,1,2,1,2,4,1,0
58,מצפה,הגליל התחתון,0,0,1,0,0,1,1,0,0,0
1222,"מצפה אבי""ב",משגב,1,5,17,3,0,1,0,0,0,0
1370,מצפה אילן,מנשה,0,3,32,14,4,3,8,3,2,0
1190,מצפה נטופה,הגליל התחתון,4,29,2,0,1,0,10,6,8,0
99,מצפה רמון,מועצה מקומית,3,1,7,5,16,38,37,38,11,8
648,מצר,מנשה,1,0,0,0,0,0,0,0,2,0
843,מרגליות,מבואות החרמון,3,0,0,0,0,0,0,2,0,0
4101,מרום גולן,גולן,0,1,7,6,2,1,9,5,0,0
1340,מרחב עם,רמת נגב,2,4,2,5,4,5,5,2,12,3
97,מרחביה (מושב),עמק יזרעאל,4,9,1,2,0,1,0,1,2,1
66,מרחביה (קיבוץ),עמק יזרעאל,4,5,3,3,1,5,7,10,10,4
1098,מרכז שפירא,שפיר,0,0,31,51,49,18,30,130,20,2
421,משאבי שדה,רמת נגב,7,0,0,0,11,0,0,6,0,0
765,משגב דב,גדרות,1,2,2,2,1,0,2,0,4,1
378,משגב עם,הגליל העליון,0,0,0,0,0,1,10,0,1,0
520,משהד,מועצה מקומית,27,44,40,30,37,70,51,81,47,5
620,משואות יצחק,שפיר,2,8,0,0,0,0,0,10,2,0
670,משמר איילון,גזר,3,2,2,5,2,1,2,0,0,0
563,משמר דוד,גזר,9,3,5,14,63,30,19,9,6,1
732,משמר הירדן,מבואות החרמון,10,9,4,3,7,12,3,2,4,0
395,משמר הנגב,בני שמעון,3,4,2,32,10,2,2,2,3,1
130,משמר העמק,מגידו,31,0,0,0,44,13,0,0,12,0
729,משמר השבעה,שדות דן,2,8,3,3,0,6,5,0,6,1
194,משמר השרון,עמק חפר,0,0,0,0,0,1,6,0,1,0
213,משמרות,מנשה,0,0,5,18,18,4,0,27,0,0
425,משמרת,לב השרון,1,4,0,2,1,1,5,3,2,0
791,משען,חוף אשקלון,4,4,2,3,1,2,1,4,3,1
1315,מתן,דרום השרון,2,6,23,4,2,8,11,1,2,0
1184,מתת,מעלה יוסף,0,0,0,0,0,0,0,7,1,2
4551,נאות גולן,גולן,12,4,2,5,6,6,3,1,0,0
1124,נאות הכיכר,תמר,1,0,5,0,1,0,2,1,1,0
408,נאות מרדכי,הגליל העליון,3,2,0,3,6,2,4,6,4,1
1197,נאות סמדר,חבל אילות,0,0,0,1,9,0,11,0,0,0
524,נאעורה,הגלבוע,14,6,4,3,11,7,4,12,27,9
396,נבטים,בני שמעון,14,6,6,8,7,3,6,6,1,1
315,נגבה,יואב,4,3,3,3,1,0,2,3,3,0
309,נהורה,לכיש,0,3,0,0,1,1,0,0,0,0
80,נהלל,עמק יזרעאל,6,9,10,18,4,19,23,14,7,1
9100,נהרייה,עירייה,561,"1,044",286,686,720,601,"1,686",418,816,39
4304,נוב,גולן,3,0,6,10,10,5,7,4,9,4
55,נוגה,לכיש,3,4,1,1,2,0,2,0,1,0
1366,נווה,אשכול,8,4,10,1,2,3,6,6,6,0
590,נווה אור,עמק המעיינות,1,10,2,1,1,1,3,3,0,0
4303,"נווה אטי""ב",גולן,4,3,2,0,1,1,1,3,0,0
405,נווה אילן,מטה יהודה,1,6,3,0,3,2,8,9,4,3
296,נווה איתן,עמק המעיינות,0,0,0,0,0,0,0,0,4,2
1057,נווה זוהר,תמר,0,0,0,2,6,14,8,5,5,0
1314,נווה זיו,מעלה יוסף,7,4,1,1,0,0,3,32,18,4
1279,נווה חריף,חבל אילות,0,0,0,0,0,44,0,0,0,0
312,נווה ים,חוף הכרמל,0,0,0,0,0,2,20,39,9,1
686,נווה ימין,דרום השרון,1,3,1,0,2,2,0,2,1,0
858,נווה ירק,דרום השרון,1,0,4,0,1,1,1,2,1,0
827,נווה מבטח,באר טוביה,2,3,0,0,0,0,2,0,0,0
1071,נווה מיכאל,מטה יהודה,9,12,4,2,1,3,3,0,1,0
1259,נווה שלום,מטה יהודה,9,6,3,2,4,3,3,3,5,0
15,נועם,שפיר,2,3,0,1,1,1,0,0,0,0
1333,נוף איילון,גזר,10,6,3,1,4,1,2,1,4,1
1061,נוף הגליל,עירייה,43,74,4,220,166,253,677,67,278,31
1284,נופית,זבולון,1,0,0,0,6,8,1,0,1,19
447,נורדייה,לב השרון,0,0,0,0,33,1,0,1,2,0
833,נורית,הגלבוע,0,8,6,8,9,1,3,9,9,0
59,נחושה,מטה יהודה,14,15,5,6,2,0,4,4,1,1
844,נחל עוז,שער הנגב,12,0,1,5,14,1,0,0,0,0
2045,נחלה,יואב,11,6,3,3,1,1,2,3,1,2
449,נחלים,חבל מודיעין,4,0,3,0,0,2,0,0,1,0
809,נחם,מטה יהודה,1,1,0,2,1,1,2,1,0,0
522,נחף,מועצה מקומית,33,23,26,12,17,99,34,81,36,18
433,נחשולים,חוף הכרמל,1,0,0,0,0,0,0,0,1,0
777,נחשון,מטה יהודה,8,17,0,1,2,3,0,1,7,1
705,נחשונים,דרום השרון,4,1,5,2,0,11,6,5,6,0
1147,נטועה,מעלה יוסף,0,1,0,0,0,0,0,1,1,0
4014,נטור,גולן,2,9,12,1,7,3,11,8,8,2
1369,נטע,לכיש,3,0,5,11,7,13,13,6,7,2
174,נטעים,גן רווה,2,4,1,2,1,0,0,0,3,0
1254,נטף,מטה יהודה,2,0,1,0,0,0,0,5,2,3
523,ניין,בוסתן אל-מרג',20,18,5,5,10,2,2,16,14,1
351,ניצן,חוף אשקלון,56,26,19,8,12,6,7,9,4,0
1419,ניצן ב',חוף אשקלון,0,0,0,2,1,0,3,0,0,0
1280,ניצני סיני,רמת נגב,3,6,1,3,4,2,4,3,3,0
851,ניצני עוז,לב השרון,2,2,1,1,2,0,2,3,7,2
359,ניצנים,חוף אשקלון,19,20,31,32,24,17,4,4,2,0
808,ניר אליהו,דרום השרון,0,0,0,0,0,1,3,3,1,6
553,ניר בנים,באר טוביה,3,0,0,0,0,0,0,2,2,0
720,ניר גלים,חבל יבנה,3,2,2,2,1,0,1,2,0,0
256,ניר דוד (תל עמל),עמק המעיינות,32,1,1,5,4,3,8,13,6,1
11,"ניר ח""ן",לכיש,6,5,4,1,2,0,1,0,3,0
165,ניר יפה,הגלבוע,1,2,1,1,2,0,3,0,1,0
402,ניר יצחק,אשכול,0,0,3,8,4,0,0,5,3,0
699,ניר ישראל,חוף אשקלון,3,5,3,0,1,1,0,0,1,1
2047,ניר משה,מרחבים,3,2,0,0,0,0,0,2,2,1
69,ניר עוז,אשכול,1,22,3,2,0,0,0,0,0,0
348,ניר עם,שער הנגב,5,7,9,9,15,11,9,2,0,0
769,ניר עציון,חוף הכרמל,0,0,0,0,0,0,0,2,7,1
2048,ניר עקיבא,מרחבים,9,3,7,5,7,1,3,5,6,0
331,ניר צבי,שדות דן,1,0,1,2,1,0,0,1,1,0
602,נירים,אשכול,0,6,8,12,3,0,0,0,0,0
1236,נירית,דרום השרון,2,0,1,1,1,1,0,0,0,0
825,נס הרים,מטה יהודה,5,8,5,8,1,0,1,2,0,1
1143,נס עמים,מטה אשר,34,7,2,2,0,0,0,0,0,0
7200,נס ציונה,עירייה,221,202,82,117,149,131,45,313,121,4
158,נען,גזר,40,0,0,0,0,0,2,1,3,0
1372,נצר חזני,נחל שורק,4,4,2,6,6,1,5,0,5,0
435,נצר סרני,גזר,0,52,0,51,1,1,5,0,2,1
7300,נצרת,עירייה,159,192,311,90,50,27,307,425,364,34
2500,נשר,עירייה,187,161,59,0,0,56,183,217,234,0
693,"נתיב הל""ה",מטה יהודה,1,31,8,2,7,6,6,2,4,0
1242,נתיב העשרה,חוף אשקלון,4,4,11,4,13,7,6,4,7,0
792,נתיב השיירה,מטה אשר,1,1,1,1,1,1,1,0,0,2
246,נתיבות,עירייה,423,595,683,909,"1,136","1,051","1,226",360,"1,870",2
7400,נתניה,עירייה,"1,517","1,624","1,384",472,"1,584","2,085","1,941","2,004","3,838",78
525,סאג'ור,מועצה מקומית,13,6,26,12,7,11,2,21,52,5
578,סאסא,הגליל העליון,5,1,16,0,0,2,4,7,0,0
587,סביון,מועצה מקומית,35,42,27,20,17,18,13,35,14,6
2046,סגולה,יואב,0,0,1,0,1,0,1,2,2,1
942,סואעד (חמרייה)*,עמק יזרעאל,0,0,0,6,3,1,0,1,0,0
526,סולם,בוסתן אל-מרג',8,13,5,2,3,3,13,7,7,2
1238,סופה,אשכול,0,0,0,0,5,0,0,0,6,0
7500,סח'נין,עירייה,258,180,105,117,79,96,54,236,192,64
1245,סלמה,משגב,33,13,12,35,21,21,33,22,36,9
1156,סמר,חבל אילות,4,0,0,3,0,0,0,0,0,0
419,סעד,שדות נגב,11,3,0,10,5,0,0,0,0,0
454,סער,מטה אשר,5,3,2,1,10,3,4,5,5,2
1176,ספיר,הערבה התיכונה,3,0,4,2,5,1,0,0,2,0
610,סתרייה,גזר,3,0,2,0,0,1,0,2,7,3
892,עבדון,מעלה יוסף,5,8,2,4,1,1,0,0,0,0
376,עברון,מטה אשר,0,18,3,0,0,1,36,2,0,0
794,עגור,מטה יהודה,0,2,0,0,0,0,0,0,0,0
4501,ע'ג'ר,מועצה מקומית,0,1,1,0,0,0,0,0,0,0
1199,עדי,עמק יזרעאל,4,3,1,0,1,2,1,2,0,0
2035,עדנים,דרום השרון,0,0,0,0,1,0,1,0,0,1
826,עוזה,שפיר,1,1,1,1,0,0,2,2,1,0
528,עוזייר,אל-בטוף,25,29,21,9,20,16,17,47,24,2
737,עולש,עמק חפר,5,2,3,3,5,2,0,0,0,1
666,עומר,מועצה מקומית,32,23,8,22,16,13,11,7,18,1
810,עופר,חוף הכרמל,0,2,0,0,2,1,2,2,1,2
32,עוצם,לכיש,0,1,8,6,8,7,7,3,1,0
1149,עזר,באר טוביה,1,1,0,0,0,0,0,0,0,0
837,עזריאל,לב השרון,4,3,1,1,1,1,0,2,0,0
711,עזריה,גזר,0,0,0,1,0,3,0,3,2,0
817,עזריקם,באר טוביה,8,3,0,0,0,0,0,0,1,0
1175,עידן,הערבה התיכונה,6,1,2,3,2,2,2,6,2,1
530,עיילבון,מועצה מקומית,25,34,23,27,17,29,6,33,16,6
511,עילוט,מועצה מקומית,98,49,54,40,46,82,95,108,63,6
687,עין איילה,חוף הכרמל,3,1,0,0,1,2,2,3,3,2
546,עין אל-אסד,מרום הגליל,0,1,2,0,0,4,3,2,2,0
273,עין גב,עמק הירדן,2,13,0,1,0,0,0,0,1,0
2042,עין גדי,תמר,4,0,1,0,0,0,0,1,1,0
436,עין דור,עמק יזרעאל,1,3,1,2,6,7,6,7,1,0
1240,עין הבשור,אשכול,6,0,2,6,3,1,3,1,0,0
74,עין הוד,חוף הכרמל,0,0,2,1,0,0,0,3,0,0
167,עין החורש,עמק חפר,6,2,8,7,11,3,3,0,3,0
289,עין המפרץ,מטה אשר,10,6,1,1,3,13,6,7,7,0
383,"עין הנצי""ב",עמק המעיינות,4,8,7,1,1,1,3,3,3,0
367,עין העמק,מגידו,3,3,1,5,0,2,1,0,7,10
270,עין השופט,מגידו,0,8,4,0,31,0,1,1,6,0
676,עין השלושה,אשכול,0,0,0,0,0,0,6,0,0,0
157,עין ורד,לב השרון,2,5,7,3,2,0,2,3,2,0
4503,עין זיוון,גולן,5,3,3,1,3,9,10,3,3,1
89,עין חרוד (איחוד),הגלבוע,11,0,0,2,0,0,0,4,0,0
82,עין חרוד (מאוחד),הגלבוע,0,0,13,7,6,0,7,10,8,1
806,עין יהב,הערבה התיכונה,3,0,1,3,4,6,14,11,16,3
813,עין יעקב,מעלה יוסף,10,5,3,17,7,1,2,3,7,1
1056,"עין כרם-בי""ס חקלאי",מטה יהודה,0,0,0,0,0,0,0,0,0,0
426,עין כרמל,חוף הכרמל,2,0,0,0,0,2,2,30,3,4
532,עין מאהל,מועצה מקומית,85,66,89,52,59,44,35,72,50,9
521,עין נקובא,מטה יהודה,11,88,6,10,1,17,4,5,28,11
223,עין עירון,מנשה,0,0,0,1,0,0,1,0,0,0
622,עין צורים,שפיר,1,0,0,0,4,14,17,0,2,2
4502,עין קנייא,מועצה מקומית,17,18,21,4,11,10,11,13,8,0
514,עין ראפה,מטה יהודה,16,8,4,3,5,13,2,4,10,0
139,עין שמר,מנשה,0,1,0,0,1,5,34,0,14,1
880,עין שריד,לב השרון,4,1,0,5,1,3,1,5,3,0
1251,עין תמר,תמר,0,1,5,1,0,1,0,0,0,0
871,עינת,דרום השרון,0,0,0,1,1,3,15,13,2,0
7600,עכו,עירייה,304,298,60,214,"1,057",460,134,24,627,455
1146,עלומים,שדות נגב,8,0,0,0,6,0,0,0,0,0
688,עלמה,מרום הגליל,2,0,0,0,0,0,1,1,1,4
779,עמינדב,מטה יהודה,1,1,0,0,0,0,0,0,1,1
385,עמיעד,הגליל העליון,9,3,0,0,8,8,7,9,7,3
318,עמיעוז,אשכול,0,0,0,1,0,0,0,0,0,0
773,עמיקם,אלונה,0,1,0,1,1,0,1,0,0,0
319,עמיר,הגליל העליון,9,0,0,1,11,2,0,0,2,0
708,עמקה,מטה אשר,2,2,3,2,4,5,8,3,4,2
534,עספיא,מועצה מקומית,16,4,5,185,35,7,35,0,0,0
7700,עפולה,עירייה,"1,582",771,848,367,279,438,640,595,771,258
917,עצמון שגב,משגב,1,0,0,0,25,11,7,22,4,0
531,עראבה,עירייה,130,87,82,85,72,75,70,127,87,25
1246,עראמשה,מטה אשר,1,2,4,1,3,6,2,4,9,0
1335,ערב אל נעים,משגב,10,7,3,1,12,8,6,2,5,1
2560,ערד,עירייה,73,45,79,122,97,83,39,60,100,5
593,ערוגות,באר טוביה,5,0,0,0,1,1,2,1,0,0
637,ערערה,מועצה מקומית,18,33,0,9,16,9,45,54,54,2
1192,ערערה-בנגב,מועצה מקומית,91,68,37,31,25,40,75,110,81,19
591,עשרת,גדרות,8,7,2,4,2,1,1,2,1,1
53,עתלית,חוף הכרמל,15,28,35,72,62,48,63,154,146,8
1151,פארן,הערבה התיכונה,8,1,3,3,1,1,2,2,5,1
750,פדויים,מרחבים,6,3,3,1,4,1,9,3,3,2
838,פדיה,גזר,0,1,0,4,1,1,0,0,0,0
537,פוריידיס,מועצה מקומית,45,35,34,21,32,66,73,81,114,19
1104,פורייה - כפר עבודה,עמק הירדן,0,1,0,0,0,1,0,3,0,0
1105,פורייה - נווה עובד,עמק הירדן,4,5,6,19,3,3,8,6,3,2
1313,פורייה עילית,עמק הירדן,26,27,13,7,14,20,15,18,8,5
767,פורת,לב השרון,4,3,2,1,1,2,5,1,1,0
749,פטיש,מרחבים,13,7,5,12,7,4,2,4,3,0
1185,פלך,משגב,0,4,3,4,23,0,0,0,5,1
597,פלמחים,גן רווה,23,11,3,2,4,1,0,1,4,0
535,פסוטה,מועצה מקומית,8,8,2,15,9,7,16,27,6,5
2059,"פעמי תש""ז",מרחבים,4,3,2,6,3,3,3,4,1,1
536,פקיעין (בוקייעה),מועצה מקומית,13,8,6,5,24,5,26,14,13,9
281,פקיעין חדשה,מעלה יוסף,1,13,10,3,3,10,13,49,23,1
7800,פרדס חנה-כרכור,מועצה מקומית,606,404,89,234,92,613,418,282,160,80
171,פרדסייה,מועצה מקומית,24,10,285,59,122,22,37,19,3,3
599,פרוד,מרום הגליל,12,8,2,2,2,1,6,3,2,0
2053,פרזון,הגלבוע,2,0,0,0,0,1,1,2,0,0
1231,פרי גן,אשכול,3,0,0,0,0,1,1,1,2,0
7900,פתח תקווה,עירייה,"1,460","1,720",843,"1,035",549,725,"1,732","2,140","1,453",739
839,פתחיה,גזר,2,3,1,1,0,3,3,2,2,0
413,צאלים,אשכול,0,0,0,11,0,0,0,0,0,0
1180,צביה,משגב,3,1,0,0,0,0,0,0,0,0
1213,צבעון,הגליל העליון,3,20,11,8,15,15,9,12,8,0
465,צובה,מטה יהודה,0,1,0,0,24,0,0,0,0,0
1136,צוחר,אשכול,0,0,0,0,0,0,9,14,14,2
198,צופית,דרום השרון,4,1,2,1,4,9,2,0,0,0
1150,צופר,הערבה התיכונה,4,2,2,3,0,0,2,3,2,1
1102,צוקי ים,עמק חפר,0,1,0,0,1,0,0,0,0,0
1262,צוקים,הערבה התיכונה,4,3,1,2,0,0,1,3,14,2
1113,צור הדסה,מועצה מקומית,148,773,7,4,6,0,1,1,0,0
1345,צור יצחק,דרום השרון,157,232,0,0,87,268,0,160,0,0
276,צור משה,לב השרון,2,4,6,1,3,1,1,4,2,1
1148,צור נתן,דרום השרון,0,0,0,0,0,0,0,0,0,0
774,צוריאל,מעלה יוסף,1,3,11,5,12,7,3,5,4,0
1221,צורית,משגב,4,4,1,3,14,6,2,0,1,0
613,ציפורי,עמק יזרעאל,3,12,1,2,1,3,3,1,1,0
796,צלפון,מטה יהודה,13,2,10,10,4,6,2,4,3,1
636,צנדלה,הגלבוע,10,11,2,10,25,5,20,35,10,8
594,צפרייה,שדות דן,0,5,0,9,0,2,0,0,7,1
1079,צפרירים,מטה יהודה,3,1,0,0,0,0,1,0,0,0
8000,צפת,עירייה,87,24,26,12,56,45,72,584,170,13
612,צרופה,חוף הכרמל,0,1,2,0,0,0,1,0,0,1
567,צרעה,מטה יהודה,2,1,1,7,0,1,38,2,0,14
334,קבוצת יבנה,חבל יבנה,40,3,1,0,0,116,0,0,0,0
195,קדימה-צורן,מועצה מקומית,66,79,106,79,37,25,47,32,129,9
392,קדמה,יואב,0,2,0,0,0,0,0,0,0,0
4025,קדמת צבי,גולן,11,12,10,6,2,3,17,11,11,2
615,קדרון,ברנר,12,2,1,4,5,2,3,1,3,0
1211,קדרים,הגליל העליון,2,0,0,2,2,5,4,9,2,0
766,קוממיות,שפיר,0,0,1,1,0,0,0,0,0,0
1179,קורנית,משגב,23,7,0,0,0,0,0,16,9,2
1052,קטורה,חבל אילות,7,0,0,0,0,0,0,1,0,2
1167,קיסריה,חוף הכרמל,40,9,19,25,10,11,30,70,20,8
414,קלחים,מרחבים,4,2,2,4,3,0,1,1,6,0
638,קלנסווה,עירייה,86,118,37,91,84,48,72,67,58,26
4024,קלע,גולן,11,6,7,5,0,1,8,6,15,4
1243,קציר,מנשה,2,0,1,1,0,0,1,4,3,0
1347,קצר א-סר,נווה מדבר,0,0,0,0,0,0,0,1,3,0
4100,קצרין,מועצה מקומית,25,98,125,75,13,47,26,112,83,11
2620,קריית אונו,עירייה,402,162,405,880,642,872,"1,321",923,"1,332",307
6800,קריית אתא,עירייה,457,619,307,471,279,376,327,361,446,195
9500,קריית ביאליק,עירייה,280,346,"1,593",369,132,251,542,171,825,65
2630,קריית גת,עירייה,345,713,810,955,"1,385",799,741,706,613,282
2300,קריית טבעון,מועצה מקומית,47,42,24,25,243,165,133,216,137,1
9600,קריית ים,עירייה,215,97,129,81,787,273,194,514,161,0
1137,קריית יערים,מועצה מקומית,98,50,18,59,0,2,114,0,4,0
8200,קריית מוצקין,עירייה,159,842,"1,688",242,265,228,177,231,36,0
1034,קריית מלאכי,עירייה,160,510,140,248,40,296,353,440,489,7
78,קריית ענבים,מטה יהודה,1,0,0,0,15,1,2,12,0,32
469,קריית עקרון,מועצה מקומית,21,12,6,1,7,5,2,13,8,21
2800,קריית שמונה,עירייה,41,23,75,87,48,579,167,102,78,4
4006,קשת,גולן,0,1,3,8,3,5,5,6,5,1
543,ראמה,מועצה מקומית,18,24,25,12,1,8,4,25,48,5
1334,ראס אל-עין,משגב,0,1,4,7,0,7,5,1,1,0
990,ראס עלי,זבולון,5,4,3,0,3,2,3,0,3,8
2640,ראש העין,עירייה,"2,242",904,"2,911",484,282,73,529,737,"1,052",17
26,ראש פינה,מועצה מקומית,20,20,21,31,6,6,16,16,10,2
8300,ראשון לציון,עירייה,820,855,"1,802","1,836","1,284","2,348","2,677","3,110","1,392",210
564,רבדים,יואב,2,0,0,23,5,1,0,0,1,1
354,רביבים,רמת נגב,12,0,0,0,0,0,0,0,0,0
1225,רביד,עמק הירדן,0,0,0,0,0,2,0,0,0,0
390,רגבה,מטה אשר,1,0,1,0,7,6,3,1,0,0
444,רגבים,מנשה,0,0,2,1,0,0,6,18,7,6
1161,רהט,עירייה,396,290,192,274,324,304,299,271,223,31
2051,רווחה,שפיר,1,0,0,0,0,1,0,4,5,1
2016,רוויה,עמק המעיינות,3,0,0,2,0,0,0,2,0,0
362,רוחמה,שער הנגב,0,12,3,5,6,5,1,3,9,0
539,רומאנה,אל-בטוף,7,4,1,0,0,8,10,39,27,2
997,רומת הייב,אל-בטוף,15,10,12,11,13,22,1,2,0,0
854,רחוב,עמק המעיינות,1,2,1,0,2,2,5,11,5,0
8400,רחובות,עירייה,"1,064","1,000","1,072",873,884,867,797,497,"1,562",65
540,ריחאנייה,מרום הגליל,4,0,2,1,4,10,13,9,3,1
542,ריינה,מועצה מקומית,162,70,87,103,125,115,98,97,92,17
616,רינתיה,חבל מודיעין,2,0,1,5,0,0,0,0,1,0
922,רכסים,מועצה מקומית,12,31,228,15,62,69,18,399,224,0
1069,רם-און,הגלבוע,4,1,7,0,0,1,1,2,5,0
4702,רמות,גולן,11,8,2,0,4,2,0,0,2,0
206,רמות השבים,דרום השרון,13,6,3,0,6,3,6,5,3,1
735,רמות מאיר,גזר,1,1,1,0,0,0,0,1,3,1
445,רמות מנשה,מגידו,3,38,1,22,5,4,1,0,2,0
372,רמות נפתלי,מבואות החרמון,3,1,0,0,0,2,3,0,2,1
8500,רמלה,עירייה,438,46,343,15,763,"1,447",874,71,330,18
8600,רמת גן,עירייה,"1,855","1,250","1,136","2,135","2,294","2,576","1,931","1,908","1,046",333
135,רמת דוד,עמק יזרעאל,6,5,0,2,1,1,11,2,0,0
184,רמת הכובש,דרום השרון,5,19,0,1,2,1,0,1,0,2
335,רמת השופט,מגידו,4,0,0,1,17,24,5,0,0,0
2650,רמת השרון,עירייה,148,630,185,378,597,114,612,648,708,50
178,רמת יוחנן,זבולון,0,30,0,0,22,0,0,27,0,0
122,רמת ישי,מועצה מקומית,44,30,20,96,64,26,40,30,29,4
4701,רמת מגשימים,גולן,3,8,3,3,4,2,4,3,6,2
339,רמת צבי,הגלבוע,11,15,12,3,2,5,1,3,1,1
460,רמת רזיאל,מטה יהודה,0,2,2,1,0,1,1,0,4,0
127,רמת רחל,מטה יהודה,0,0,0,0,0,5,0,0,0,0
789,רנן,מרחבים,5,2,1,0,2,1,0,2,1,0
713,רעים,אשכול,6,0,0,0,0,0,0,0,18,0
8700,רעננה,עירייה,495,589,815,647,851,456,539,"1,073","1,193",201
1228,רקפת,משגב,7,13,6,9,2,1,0,1,0,0
247,רשפון,חוף השרון,8,8,2,1,1,0,1,2,3,0
437,רשפים,עמק המעיינות,21,11,14,18,9,12,11,14,4,0
1260,רתמים,רמת נגב,0,0,0,29,32,16,3,3,0,0
324,שאר ישוב,מבואות החרמון,7,0,0,0,1,0,1,0,1,0
1377,שבי דרום,מרחבים,0,0,0,5,27,16,12,7,5,0
282,שבי ציון,מטה אשר,16,26,19,8,3,4,3,6,2,3
913,שבלי - אום אל-גנם,מועצה מקומית,47,42,25,12,29,16,20,34,38,9
1286,שגב-שלום,מועצה מקומית,89,85,86,31,22,36,55,46,71,12
721,שדה אילן,הגליל התחתון,1,1,2,0,0,2,10,5,4,0
304,שדה אליהו,עמק המעיינות,0,0,0,0,0,0,0,7,0,0
861,שדה אליעזר,מבואות החרמון,10,8,5,1,1,3,4,3,0,0
885,שדה בוקר,רמת נגב,0,0,0,0,0,0,10,20,4,0
36,שדה דוד,לכיש,11,32,10,5,7,3,2,5,0,1
284,שדה ורבורג,דרום השרון,2,3,0,4,2,1,1,3,3,0
293,שדה יואב,יואב,1,0,10,0,1,1,0,1,0,0
142,שדה יעקב,עמק יזרעאל,2,4,5,8,0,2,1,1,3,0
2008,שדה יצחק,מנשה,0,0,0,0,0,1,1,1,0,0
18,שדה משה,לכיש,1,1,0,1,4,1,0,0,0,0
259,שדה נחום,עמק המעיינות,3,11,25,20,16,28,18,9,6,0
329,שדה נחמיה,הגליל העליון,8,2,6,7,3,1,6,7,6,1
1058,שדה ניצן,אשכול,4,3,4,4,5,2,4,3,1,1
739,שדה עוזיהו,באר טוביה,5,0,2,2,1,0,0,1,1,1
2049,שדה צבי,מרחבים,3,2,1,2,4,1,4,1,3,0
327,שדות ים,חוף הכרמל,0,0,0,0,0,0,16,0,0,0
27,שדות מיכה,מטה יהודה,2,0,0,5,2,0,2,0,0,0
1223,שדי אברהם,אשכול,2,2,1,2,2,1,2,3,0,0
2015,שדי חמד,דרום השרון,0,2,0,1,1,5,1,2,1,0
2057,שדי תרומות,עמק המעיינות,2,1,2,4,2,3,2,8,5,0
555,שדמה,גדרות,1,2,0,2,1,1,1,3,3,1
306,שדמות דבורה,הגליל התחתון,2,3,0,0,3,1,3,4,2,1
1031,שדרות,עירייה,132,445,880,231,571,503,311,685,222,99
741,שואבה,מטה יהודה,0,0,1,1,1,0,1,0,0,0
761,שובה,שדות נגב,12,4,4,4,1,3,2,0,2,0
394,שובל,בני שמעון,24,8,1,1,1,0,0,0,0,14
1304,שוהם,מועצה מקומית,30,181,30,135,860,445,2,58,1,0
614,שומרה,מעלה יוסף,1,3,2,8,2,0,2,2,4,0
1265,שומרייה,בני שמעון,11,3,5,2,1,9,5,4,4,0
415,שוקדה,שדות נגב,14,1,4,0,3,0,3,1,2,0
456,שורש,מטה יהודה,13,1,1,1,4,0,0,2,0,0
1235,שורשים,משגב,3,5,2,10,6,2,15,7,6,2
224,שושנת העמקים,עמק חפר,0,0,0,0,0,0,0,0,1,0
527,שזור,מרום הגליל,1,2,0,0,0,0,2,0,0,0
7,שחר,לכיש,3,5,3,0,4,0,2,1,3,0
865,שיבולים,שדות נגב,6,0,0,2,1,0,3,9,1,1
658,שייח' דנון,מטה אשר,14,6,8,2,8,3,6,8,8,0
1165,שילת,חבל מודיעין,6,3,5,2,0,0,4,2,3,0
1160,שכניה,משגב,25,1,1,0,0,0,0,0,2,0
873,שלווה,שפיר,3,2,4,4,6,3,4,7,7,1
439,שלוחות,עמק המעיינות,0,0,4,1,5,1,0,1,10,2
812,שלומי,מועצה מקומית,3,8,71,84,151,73,51,80,74,14
1364,שלומית,אשכול,0,0,8,15,5,7,6,8,9,6
366,שמיר,הגליל העליון,5,3,8,1,1,3,5,0,9,0
432,שמרת,מטה אשר,2,3,5,9,5,3,0,2,2,0
1337,שמשית,עמק יזרעאל,0,0,0,0,0,0,1,0,11,0
1132,שניר,הגליל העליון,6,1,3,9,8,1,6,3,1,0
538,שעב,מועצה מקומית,8,34,126,106,60,36,23,18,21,5
4009,שעל,גולן,1,2,2,2,3,7,6,4,2,2
856,שעלבים,גזר,3,1,0,0,0,0,0,0,0,0
661,שער אפרים,לב השרון,11,19,16,11,3,2,3,5,3,0
264,שער הגולן,עמק הירדן,0,4,2,0,0,0,0,14,0,0
237,שער העמקים,זבולון,0,0,0,1,13,6,0,1,1,8
232,שפיים,חוף השרון,32,1,20,4,1,1,0,30,0,0
692,שפיר,שפיר,9,10,2,0,2,1,2,2,1,5
8800,שפרעם,עירייה,231,218,226,65,38,62,148,229,317,59
1233,שקף,לכיש,1,2,7,11,23,10,4,7,1,0
292,שרונה,הגליל התחתון,0,2,1,1,0,0,2,3,1,0
1114,שריגים (לי-און),מטה יהודה,2,0,1,0,0,2,11,23,25,1
126,שריד,עמק יזרעאל,3,1,2,5,1,17,7,2,0,0
398,שרשרת,שדות נגב,6,1,2,1,3,2,6,4,3,0
1045,שתולה,מעלה יוסף,3,1,2,0,0,0,2,7,3,0
763,שתולים,באר טוביה,4,5,4,4,0,0,3,2,3,0
2062,תאשור,בני שמעון,1,1,2,0,4,7,5,4,2,0
2061,תדהר,בני שמעון,4,1,2,4,6,0,2,2,1,0
1172,תובל,משגב,4,3,1,0,1,1,0,19,9,1
1083,תושייה,שדות נגב,3,1,0,0,1,1,0,3,0,0
163,תימורים,באר טוביה,0,1,1,0,1,1,0,0,0,0
10,תירוש,מטה יהודה,2,0,0,0,1,1,0,1,0,0
5000,תל אביב -יפו,עירייה,"3,123","2,410","3,130","3,454","4,777","3,415","6,782","6,658","5,707","1,772"
84,תל יוסף,הגלבוע,0,1,3,3,6,12,6,1,2,0
287,תל יצחק,חוף השרון,7,12,5,3,5,2,2,1,4,1
154,תל מונד,מועצה מקומית,139,80,149,48,60,179,115,235,201,34
103,תל עדשים,עמק יזרעאל,7,8,1,2,3,2,1,2,0,0
719,תל קציר,עמק הירדן,1,2,13,7,8,5,7,1,14,4
1054,תל שבע,מועצה מקומית,38,27,24,12,18,12,39,37,58,15
1283,תל תאומים,עמק המעיינות,7,9,9,10,6,5,6,9,3,0
1051,תלמי אליהו,אשכול,6,1,6,1,4,0,3,5,4,0
2003,תלמי אלעזר,מנשה,0,0,2,2,0,0,0,0,1,1
2050,"תלמי ביל""ו",מרחבים,6,2,4,3,2,3,0,0,4,1
1237,תלמי יוסף,אשכול,1,0,1,2,1,1,0,1,4,0
727,תלמי יחיאל,באר טוביה,2,1,0,4,0,4,4,5,1,0
744,תלמי יפה,חוף אשקלון,2,0,0,1,2,2,3,6,7,2
814,תלמים,לכיש,2,5,1,1,0,1,3,1,1,2
1244,תמרת,עמק יזרעאל,1,1,5,1,5,3,5,9,47,20
2002,תנובות,לב השרון,3,0,1,4,2,3,1,2,1,0
752,תעוז,מטה יהודה,1,2,0,0,0,1,0,0,2,0
709,תפרח,מרחבים,4,0,3,1,1,1,0,1,1,0
665,תקומה,שדות נגב,3,4,5,3,0,0,1,3,2,1
1346,תרבין א-צאנע (יישוב)*,אל קסום,0,0,0,0,0,0,0,0,1,0
778,תרום,מטה יהודה,6,6,4,1,1,4,0,2,0,0
